id,key,milestone,wave,lane,owner,size,human_review,title,stories,depends_on,allowed_paths
H-01,H-REPO,M0,1,human,human,-,,ตั้ง GitHub repo จาก starter kit + กฎ branch,US-13-01,,0
H-02,H-ADR-INFRA,M0,1,human,human,-,,ตัดสินใจ ADR-002 hosting · ADR-003 email · ADR-004 storage + สร้างบัญชี/secret,US-13-01 US-13-04,,0
H-03,H-SP01,M0,1,human,human,-,,SP-01 กลยุทธ์ LINE Provider → ADR-001,US-01-01 US-02-06 US-13-02,,0
T-0001,INF-WEB,M0,2,infra,agent,M,,Scaffold apps/web (Next.js 16 + Tailwind + shadcn) + /api/health,US-13-01,H-01,2
T-0002,INF-CONTRACTS,M0,2,infra,agent,M,,"Scaffold packages/contracts: common types, enums, errors",US-13-02,H-01,2
T-0003,INF-DB-CLIENT,M0,2,infra,agent,M,yes,DB client (postgres-js) + migrate script + vaccine_type seed migration,US-03-05 US-13-02,H-01,6
T-0004,INF-SERVER,M0,3,infra,agent,L,yes,"Scaffold packages/server: RequestContext, AppError, tenantDb, withTx, test helpers",US-13-02,T-0002 T-0003,10
T-0005,DOM-R-24,M0,2,domain,agent,M,,Rule R-24 ล็อกบัญชีเมื่อใส่รหัสผิด + นโยบายรหัสผ่าน,US-01-02,H-01,4
T-0006,INF-AUTH,M0,4,infra,agent,L,yes,"Auth core: sessions, argon2, cookies, permissions table",US-01-02 US-01-05 US-13-10,T-0004 T-0005,4
T-0007,INF-HTTP,M0,5,infra,agent,L,yes,Route wrappers: withStaff/withCustomer/withAdmin/withPublic + error JSON + CSRF + rate limit,US-13-01 US-13-11,T-0006,3
T-0034,DOM-STATE,M0,2,domain,agent,M,,State tables ทุก entity (03) + canTransition,US-13-02,H-01,2
T-0035,INF-AUDIT,M0,4,infra,agent,M,yes,Audit log writer (R-27) + booking_event writer + state transition helper,US-13-07,T-0004 T-0034,5
T-0008,DOM-R-18,M0,2,domain,agent,S,,Rule R-18 โควตาข้อความ LINE (push) และโหมดประหยัด,US-02-06 US-13-06,H-01,4
T-0009,DOM-R-19,M0,2,domain,agent,S,,Rule R-19 เลือกช่องทางส่งข้อความ,US-09-04 US-13-05 US-13-06,H-01,4
T-0010,INF-NOTIFY,M0,4,infra,agent,L,,Notification outbox + dispatcher + stub templates ทุก key,US-13-05 US-13-06,T-0004 T-0008 T-0009,2
T-0011,INF-EMAIL,M0,5,infra,agent,S,,Email adapter (SMTP/nodemailer) + templates invite/reset,US-01-02 US-01-04,T-0010 H-02,4
T-0012,DOM-R-20,M0,2,domain,agent,M,,Rule R-20 เวลาและวันที่ท้องถิ่น,US-13-03,H-01,4
T-0013,DOM-R-31,M0,3,domain,agent,M,,Rule R-31 รูปแบบการแสดงผลไทย (เงิน วันที่ เวลา น้ำหนัก),US-13-03,H-01 T-0012,4
T-0014,DOM-R-22,M0,2,domain,agent,M,,Rule R-22 เบอร์โทร: normalize และแสดงผล,US-03-01 US-03-10 US-11-01,H-01,4
T-0015,INF-I18N,M0,4,infra,agent,M,,"i18n: next-intl (th), message namespaces per screen + enum labels + format helpers",US-13-03,T-0001 T-0013 T-0014,7
T-0016,INF-APICLIENT,M0,3,infra,agent,S,,Typed API client + query hooks + error toast,US-13-01,T-0001 T-0002,5
T-0017,INF-DEPLOY,M0,3,infra,agent,M,yes,Deploy pipeline ตาม ADR-002 (staging + production) + migrate on deploy,US-13-01,T-0001 T-0003 H-02,4
T-0018,INF-MON,M0,6,infra,agent,S,,"Monitoring: health (db ping), structured logs, error reporting, uptime check",US-13-09,T-0007,8
T-0019,API-auth.staffLogin,M0,6,api,agent,L,yes,API auth.staffLogin,US-01-02,T-0007 T-0005,8
T-0020,API-auth-0,M0,7,api,agent,M,,"API auth.staffLogout, auth.me, auth.resetRequest",US-01-02,T-0007 T-0019 T-0010,14
T-0021,API-auth-1,M0,6,api,agent,S,,API auth.resetConfirm,US-01-02,T-0007 T-0005,4
T-0022,API-admin-0,M0,6,api,agent,M,yes,API admin.login,US-13-10,T-0007 T-0005,6
T-0319,API-admin-organizations,M0,6,api,agent,M,yes,"API admin.orgs, admin.updateOrg",US-13-10,T-0007 T-0035,9
T-0023,API-admin.createOrg,M0,7,api,agent,L,yes,API admin.createOrg,US-13-10 US-13-14,T-0007 T-0319,4
T-0024,NTF-staff-M0-0,M0,6,notify,agent,M,,"Notification templates (staff, M0): password_reset",US-01-02,T-0010 T-0011,2
T-0318,UI-THEME,M0,3,ui,agent,S,,ธีมหน้าตา: design tokens ใน globals.css ตาม ADR-006,US-13-01,T-0001,1
T-0025,UI-SHELL-admin,M0,6,ui,agent,M,,Admin shell: layout + guard,US-13-01,T-0015 T-0016 T-0007,10
T-0026,UI-C-FORM,M0,5,ui,agent,M,,"Shared component: ฟอร์มพื้นฐาน: MoneyInput (บาท→สตางค์), PhoneInput (R-22), WeightInput (กก.→กรัม), ThaiDatePicker (พ.ศ.), TimeSelect, EnumSelect, zod form helper",US-13-03,T-0015 T-0014 T-0013,4
T-0027,UI-C-TABLE,M0,5,ui,agent,M,,"Shared component: DataTable (cursor pagination, ค้นหา, ตัวกรอง), EmptyState, StatusBadge (enum → สี tone ตาม ADR-006 §3 + ป้ายไทย)",US-13-03,T-0015 T-0318,4
T-0028,SCR-A-01,M0,7,ui,agent,S,,Screen A-01 เข้าสู่ระบบ (ร้าน),US-01-02,T-0015 T-0019,4
T-0029,SCR-A-02,M0,8,ui,agent,S,,Screen A-02 ลืมรหัสผ่าน,US-01-02,T-0015 T-0020,4
T-0030,SCR-A-03,M0,7,ui,agent,S,,Screen A-03 ตั้งรหัสผ่านใหม่,US-01-02,T-0015 T-0021,4
T-0031,SCR-AD-01,M0,7,ui,agent,S,,Screen AD-01 Admin login,US-13-10,T-0025 T-0022,6
T-0032,SCR-AD-02,M0,8,ui,agent,M,,Screen AD-02 ร้านทั้งหมด,US-13-10 US-13-14,T-0025 T-0026 T-0027 T-0319 T-0023,5
T-0033,SCR-AD-07,M0,7,ui,agent,S,,Screen AD-07 วันหยุดราชการ,US-13-03,T-0025 T-0026,5
H-04,H-GATE-M0,M0,9,human,human,-,,Milestone review M0: demo + ตรวจคุณภาพ,,T-0001 T-0002 T-0003 T-0004 T-0006 T-0007 T-0318 T-0025 T-0017 T-0018 T-0012 T-0005 T-0013 T-0019 T-0020 T-0021 T-0022 T-0319 T-0023 T-0024 T-0028 T-0029 T-0030 T-0031 T-0032 T-0033,0
H-05,H-LEGAL,M1,1,human,human,-,,ร่าง Privacy Notice / Terms / DPA / ข้อความยินยอมรูป + ตรวจแม่แบบใบยินยอม,US-03-12 US-05-06 US-06-08 US-13-08,,0
T-0036,INF-JOBS,M1,1,infra,agent,L,,Job runner + POST /api/cron/tick + stub handlers ทุก job_type,US-05-02 US-07-06 US-12-05,T-0007 T-0010,5
T-0037,DOM-R-25,M1,1,domain,agent,S,,Rule R-25 ข้อจำกัดการอัปโหลดไฟล์,US-03-06 US-07-02 US-13-04,H-01,4
T-0038,INF-STORAGE,M1,2,infra,agent,M,yes,Object storage (presign) + upload-url endpoints + file commit + cleanup job,US-13-04,T-0007 T-0037 T-0036,15
T-0039,INF-E2E,M1,1,infra,agent,M,,Playwright setup + dev seed (ร้านตัวอย่างครบ) + smoke test,US-13-14,T-0001 T-0004,4
T-0040,DOM-R-01,M1,1,domain,agent,S,,Rule R-01 หาขนาด (size tier) จากน้ำหนัก,US-04-02 US-11-03,H-01,4
T-0041,DOM-R-02,M1,1,domain,agent,M,,Rule R-02 กลุ่มขนและการหาราคา/เวลาของบริการ,US-04-02 US-04-03,H-01,4
T-0042,API-auth-2,M1,1,api,agent,S,,API auth.inviteAccept,US-01-04,T-0007 T-0035 T-0005 T-0019,4
T-0043,API-staffMe-1,M1,1,api,agent,M,,"API staffMe.sessions, staffMe.revokeSession",US-01-05,T-0007,8
T-0044,API-branch-0,M1,3,api,agent,M,,"API branch.get, branch.update, branch.setHours",US-02-01,T-0007 T-0038,13
T-0045,API-branch-1,M1,4,api,agent,M,,"API branch.setModules, branch.updatePolicy",US-02-02 US-02-04 US-05-05 US-06-05 US-07-03 US-07-04 US-13-06,T-0007 T-0044 T-0035,8
T-0046,API-closures-0,M1,1,api,agent,M,,"API closures.list, closures.create, closures.delete",US-02-05,T-0007,11
T-0047,API-closures-1,M1,1,api,agent,S,,API closures.importHolidays,US-02-05 US-13-03,T-0007,4
T-0048,API-staffUsers-0,M1,3,api,agent,M,,"API staffUsers.list, staffUsers.invite, staffUsers.update",US-01-04 US-09-01,T-0007 T-0035 T-0010 T-0038,14
T-0049,API-staffUsers-1,M1,1,api,agent,S,,API staffUsers.resendInvite,US-01-04,T-0007,4
T-0050,API-search-0,M1,1,api,agent,S,,API search.quick,US-03-10,T-0007 T-0014,6
T-0051,API-customers-0,M1,2,api,agent,M,,"API customers.list, customers.create, customers.get",US-03-01,T-0007 T-0050 T-0014,14
T-0052,API-customers-1,M1,3,api,agent,S,,API customers.update,US-03-01,T-0007 T-0014 T-0051 T-0050,4
T-0053,API-pets-0,M1,3,api,agent,M,,"API pets.create, pets.get, pets.update",US-03-02 US-03-03 US-03-04,T-0007 T-0038,15
T-0054,API-pets-2,M1,4,api,agent,M,,"API pets.updateShopProfile, pets.addWeight, pets.setFlags",US-03-03 US-03-04 US-03-07,T-0007 T-0053,12
T-0055,API-vaccinations-0,M1,4,api,agent,M,,"API vaccinations.create, vaccinations.verify, vaccinations.reject",US-03-05 US-06-05,T-0007 T-0038 T-0053 T-0035 T-0010,12
T-0056,API-photos-0,M1,3,api,agent,M,,"API photos.list, photos.add",US-03-06 US-09-03,T-0007 T-0038,8
T-0057,API-sizeTiers-0,M1,1,api,agent,S,,API sizeTiers.list,US-04-02,T-0007,5
T-0058,API-sizeTiers.set,M1,2,api,agent,L,,API sizeTiers.set,US-04-02,T-0007 T-0040 T-0057,4
T-0059,API-services-0,M1,3,api,agent,M,,"API services.list, services.create, services.update",US-04-01 US-04-04 US-06-06,T-0007 T-0038,12
T-0060,API-services.setPrices,M1,4,api,agent,L,,API services.setPrices,US-04-02 US-04-03,T-0007 T-0041 T-0059,4
T-0061,API-services-1,M1,4,api,agent,S,,API services.setAddonLinks,US-04-04,T-0007 T-0059,4
T-0062,API-imports.create,M1,3,api,agent,L,,API imports.create,US-02-08,T-0007 T-0014 T-0038,5
T-0063,API-imports-0,M1,4,api,agent,S,,API imports.get,US-02-08,T-0007 T-0062,4
T-0064,API-imports.commit,M1,4,api,agent,L,,API imports.commit,US-02-08,T-0007 T-0035 T-0062,4
T-0065,API-audit-0,M1,1,api,agent,S,,API audit.list,US-13-07,T-0007,5
T-0066,API-admin-4,M1,1,api,agent,M,,"API admin.dataRequests, admin.holidays",US-13-03 US-13-08,T-0007,9
T-0067,API-admin.resolveDataRequest,M1,2,api,agent,L,yes,API admin.resolveDataRequest,US-13-08,T-0007 T-0035 T-0066,4
T-0068,NTF-staff-M1-0,M1,1,notify,agent,M,,"Notification templates (staff, M1): invite",US-01-04,T-0010 T-0011,2
T-0069,NTF-admin-M1-0,M1,1,notify,agent,M,,"Notification templates (admin, M1): data_request",US-13-08,T-0010 T-0011,2
T-0070,UI-SHELL-console,M1,1,ui,agent,M,,Console shell: layout + sidebar (ครบทุกเมนูใน 06) + auth guard,US-13-01,T-0015 T-0016,4
T-0071,UI-C-UPLOAD,M1,3,ui,agent,M,,"Shared component: PhotoUploader: กล้อง/อัลบั้ม, ย่อรูป 1600px + ลบ EXIF (R-25), presigned PUT, progress, หลายไฟล์",US-13-03,T-0015 T-0038,4
T-0072,UI-C-SLOTS,M1,1,ui,agent,M,,Shared component: SlotPicker: แถบวัน + grid เวลา จาก SlotList (R-04) + แสดงชื่อช่าง + สถานะว่าง/เต็ม,US-13-03,T-0015,4
T-0073,UI-C-CHART,M1,1,ui,agent,M,,Shared component: BarChart/LineChart เบา ๆ (recharts) สำหรับรายงาน,US-13-03,T-0015,4
T-0074,SCR-A-04,M1,2,ui,agent,S,,Screen A-04 รับคำเชิญเข้าร้าน,US-01-04,T-0015 T-0042,4
T-0317,SCR-P-02,M1,1,ui,agent,S,,Screen P-02 เอกสารกฎหมาย,US-13-08,T-0015,4
T-0075,SCR-C-08,M1,3,ui,agent,M,,Screen C-08 ลูกค้า,US-03-01 US-03-10,T-0070 T-0026 T-0027 T-0051,4
T-0076,SCR-C-09,M1,4,ui,agent,L,,Screen C-09 ลูกค้า,US-03-01 US-03-08 US-03-09 US-07-05 US-10-05,T-0070 T-0026 T-0027 T-0071 T-0051 T-0053,4
T-0077,SCR-C-10,M1,4,ui,agent,M,,Screen C-10 ฟอร์มลูกค้า,US-03-01,T-0070 T-0026 T-0071 T-0051 T-0052,5
T-0078,SCR-C-11,M1,5,ui,agent,L,,Screen C-11 น้อง,US-03-02 US-03-03 US-03-04 US-03-05 US-03-06 US-03-07 US-03-11,T-0070 T-0073 T-0026 T-0027 T-0071 T-0053 T-0056 T-0054 T-0055 T-0038,4
T-0079,SCR-C-26,M1,2,ui,agent,S,,Screen C-26 Audit log,US-13-07,T-0070 T-0026 T-0027 T-0065,4
T-0080,SCR-C-30,M1,4,ui,agent,M,,Screen C-30 ข้อมูลร้าน,US-02-01,T-0070 T-0026 T-0071 T-0044,4
T-0081,SCR-C-31,M1,4,ui,agent,M,,Screen C-31 เวลาเปิด-ปิดและวันหยุด,US-02-01 US-02-05,T-0070 T-0026 T-0027 T-0044 T-0046 T-0047,4
T-0082,SCR-C-32,M1,5,ui,agent,S,,Screen C-32 บริการที่เปิด,US-02-02,T-0070 T-0026 T-0044 T-0045,4
T-0083,SCR-C-33,M1,5,ui,agent,L,,Screen C-33 นโยบายร้าน,US-02-04 US-05-05 US-06-05 US-07-03 US-07-04 US-07-06 US-10-04 US-12-05 US-13-06,T-0070 T-0026 T-0072 T-0044 T-0045,4
T-0084,SCR-C-36,M1,4,ui,agent,M,,Screen C-36 พนักงานและตารางงาน,US-01-04 US-09-01,T-0070 T-0026 T-0027 T-0071 T-0048 T-0049,4
T-0085,SCR-C-37,M1,5,ui,agent,M,,Screen C-37 บริการและราคา,US-04-01 US-04-02 US-04-03 US-04-04 US-04-05 US-06-06,T-0070 T-0026 T-0027 T-0071 T-0059 T-0057 T-0060 T-0061,4
T-0086,SCR-C-38,M1,3,ui,agent,S,,Screen C-38 ขนาดตามน้ำหนัก,US-04-02,T-0070 T-0057 T-0058,4
T-0087,SCR-C-44,M1,5,ui,agent,S,,Screen C-44 นำเข้าข้อมูล CSV,US-02-08,T-0070 T-0027 T-0071 T-0063 T-0062 T-0064,4
T-0088,SCR-C-45,M1,2,ui,agent,M,,Screen C-45 บัญชีของฉัน,US-01-03 US-01-05 US-13-05,T-0070 T-0020 T-0043,4
T-0089,SCR-AD-05,M1,3,ui,agent,S,,Screen AD-05 คำขอ PDPA,US-13-08,T-0025 T-0026 T-0027 T-0066 T-0067,5
T-0090,SCR-AD-07-ext-M1,M1,2,ui,agent,S,,Screen AD-07 วันหยุดราชการ (ext-M1),US-13-03,T-0025 T-0026 T-0066 T-0033,5
H-06,H-GATE-M1,M1,6,human,human,-,,Milestone review M1: demo + ตรวจคุณภาพ,,T-0035 T-0010 T-0036 T-0038 T-0011 T-0015 T-0016 T-0070 T-0039 T-0026 T-0027 T-0071 T-0040 T-0041 T-0014 T-0037 T-0034 T-0042 T-0043 T-0044 T-0045 T-0046 T-0047 T-0048 T-0049 T-0050 T-0051 T-0052 T-0053 T-0054 T-0055 T-0056 T-0057 T-0058 T-0059 T-0060 T-0061 T-0062 T-0063 T-0064 T-0065 T-0066 T-0067 T-0068 T-0069 T-0074 T-0317 T-0075 T-0076 T-0077 T-0078 T-0079 T-0080 T-0081 T-0082 T-0083 T-0084 T-0085 T-0086 T-0087 T-0088 T-0089 T-0090 H-04,0
H-07,H-LINE-PLATFORM,M2,1,human,human,-,,สร้าง LINE Login channel ของแพลตฟอร์ม (สำหรับพนักงาน) + OA/LIFF ทดสอบ,US-01-03 US-02-06,H-03,0
H-08,H-SP02,M2,1,human,human,-,,SP-02 เก็บสลิปจริง ≥ 6 ธนาคาร → เพิ่ม vectors R-05,US-07-02,H-01,0
H-09,H-SP04,M2,1,human,human,-,,SP-04 ทดสอบ Web Push บนอุปกรณ์ร้านนำร่อง,US-09-04 US-13-05,,0
H-10,H-ONBOARD,M2,1,human,human,-,,ชุด onboarding ร้านนำร่อง (US-13-14),US-13-14,,0
T-0091,INF-WEBPUSH,M2,1,infra,agent,M,,Web Push adapter + service worker + staff PWA manifest,US-09-04 US-13-05,T-0010 T-0001,8
T-0092,DOM-R-03,M2,1,domain,agent,S,,Rule R-03 ราคาประเมินและเวลาของใบจอง,US-05-04 US-06-06 US-11-03 US-11-04 US-11-05,H-01,4
T-0093,DOM-R-04,M2,1,domain,agent,L,,Rule R-04 Slot engine กรูม (เวลาว่าง + เลือกช่าง/โต๊ะอัตโนมัติ),US-05-01 US-05-04 US-05-08 US-11-03,H-01 T-0012,4
T-0094,DOM-R-06,M2,1,domain,agent,M,yes,Rule R-06 คำนวณมัดจำ,US-03-09 US-07-03 US-11-03,H-01,4
T-0095,DOM-R-07,M2,1,domain,agent,M,yes,Rule R-07 ผลของการยกเลิก / no-show (ริบ-คืน-เครดิต),US-05-08 US-07-04 US-07-05 US-07-07 US-11-08,H-01,4
T-0096,DOM-R-08,M2,1,domain,agent,S,,Rule R-08 เวลาหมดอายุของการล็อกคิวและการรออนุมัติ,US-05-02 US-05-05 US-11-07,H-01,4
T-0097,DOM-R-09,M2,1,domain,agent,S,,Rule R-09 ระดับความน่าเชื่อถือลูกค้า (1–4),US-03-09 US-07-07,H-01,4
T-0098,DOM-R-10,M2,1,domain,agent,S,,Rule R-10 จัดห้องอัตโนมัติ (room unit allocation),US-06-03 US-11-04,H-01,4
T-0099,DOM-R-11,M2,1,domain,agent,S,,Rule R-11 ตรวจวัคซีนก่อนรับฝาก (vaccine gate),US-06-05 US-11-04 US-11-05,H-01,4
T-0100,DOM-R-12,M2,1,domain,agent,M,,Rule R-12 เงื่อนไขรับจอง (ลูกค้า/น้อง/ประเภทห้อง),US-03-11 US-06-01 US-11-03 US-11-04,H-01,4
T-0101,DOM-R-23,M2,1,domain,agent,S,,Rule R-23 เลขที่ใบจอง,US-05-04 US-11-03,H-01 T-0012,4
T-0102,DOM-R-28,M2,1,domain,agent,S,,Rule R-28 ห้องว่างของประเภทห้อง (hotel availability),US-06-03 US-06-04 US-11-04,H-01,4
T-0103,DOM-R-29,M2,1,domain,agent,S,,Rule R-29 ที่ว่าง Daycare,US-06-13 US-11-05,H-01,4
T-0104,API-auth-3,M2,1,api,agent,S,,API auth.staffLine,US-01-03,T-0007 T-0019,4
T-0105,API-staffMe-0,M2,1,api,agent,M,,"API staffMe.linkLine, staffMe.pushSubscribe, staffMe.pushUnsubscribe",US-01-03 US-09-04 US-13-05,T-0007 T-0019,11
T-0106,API-stations-0,M2,1,api,agent,M,,"API stations.list, stations.upsert",US-05-01,T-0007,7
T-0107,API-workingHours-0,M2,1,api,agent,S,,API workingHours.set,US-09-01,T-0007 T-0048,4
T-0108,API-timeOff-0,M2,1,api,agent,M,,"API timeOff.list, timeOff.create, timeOff.delete",US-09-01,T-0007,11
T-0109,API-surchargeTypes-0,M2,1,api,agent,M,,"API surchargeTypes.list, surchargeTypes.upsert",US-04-05,T-0007,8
T-0110,API-availability.groomSlots,M2,2,api,agent,L,,API availability.groomSlots,US-05-01 US-05-04 US-05-08,T-0007 T-0040 T-0041 T-0092 T-0093,5
T-0111,API-quotes.create-grooming,M2,2,api,agent,L,,API quotes.create (grooming),US-05-04,T-0007 T-0092 T-0094 T-0096 T-0097,5
T-0112,API-bookings.create-grooming,M2,2,api,agent,L,yes,API bookings.create (grooming),US-05-04 US-06-03 US-06-07 US-06-13,T-0007 T-0035 T-0010 T-0040 T-0041 T-0092 T-0093 T-0094 T-0098 T-0099 T-0100 T-0101 T-0102 T-0103 T-0036 T-0051 T-0050,11
T-0113,API-bookings-1,M2,3,api,agent,S,,API bookings.get,US-05-04,T-0007 T-0112 T-0051 T-0050,4
T-0114,API-bookings.cancel,M2,3,api,agent,L,yes,API bookings.cancel,US-05-08 US-07-04,T-0007 T-0035 T-0010 T-0095 T-0097 T-0036 T-0112 T-0051 T-0050,4
T-0115,API-calendar.day-grooming,M2,3,api,agent,L,,API calendar.day (grooming),US-05-03,T-0007 T-0112 T-0051 T-0048,5
T-0116,API-groom.reschedule,M2,3,api,agent,L,,API groom.reschedule,US-05-03 US-05-08,T-0007 T-0010 T-0092 T-0093 T-0036 T-0112 T-0051,4
T-0117,API-groom.setItems,M2,3,api,agent,L,,API groom.setItems,US-04-03 US-05-06,T-0007 T-0035 T-0041 T-0092 T-0112 T-0051,4
T-0118,API-groom.checkIn,M2,3,api,agent,L,,API groom.checkIn,US-05-06,T-0007 T-0035 T-0038 T-0112 T-0051,4
T-0119,API-groom-0,M2,3,api,agent,M,,"API groom.start, groom.finish, groom.cancel",US-05-08 US-09-03 US-10-01,T-0007 T-0035 T-0112 T-0051 T-0010 T-0050,12
T-0120,API-groom-3,M2,3,api,agent,M,,"API groom.addSurcharge, groom.removeSurcharge, groom.jobCard",US-04-05 US-05-07,T-0007 T-0112 T-0051 T-0056 T-0053,13
T-0121,API-groom-4,M2,3,api,agent,S,,API groom.myQueue,US-09-03,T-0007 T-0112 T-0051,4
T-0122,API-stays-4,M2,3,api,agent,S,,API stays.cancel,US-05-08,T-0007 T-0035 T-0112 T-0051 T-0050,4
T-0123,API-daycare-2,M2,3,api,agent,S,,API daycare.cancel,US-05-08,T-0007 T-0035 T-0112 T-0051,4
T-0124,API-feedback-0,M2,1,api,agent,S,,API feedback.create,US-13-13,T-0007 T-0010 T-0038,4
T-0125,API-admin-2,M2,1,api,agent,M,yes,"API admin.supportStart, admin.supportEnd, admin.feedback",US-13-11 US-13-13,T-0007 T-0035 T-0010,13
T-0126,API-admin-3,M2,2,api,agent,S,,API admin.updateFeedback,US-13-13,T-0007 T-0125,4
T-0127,NTF-staff-M2-0,M2,2,notify,agent,M,,"Notification templates (staff, M2): new_booking, groom_done, care_task_overdue",US-05-09 US-06-09 US-09-04 US-13-05,T-0010 T-0091,6
T-0128,NTF-owner-M2-0,M2,2,notify,agent,M,,"Notification templates (owner, M2): support_access",US-13-11,T-0010 T-0091 T-0011,2
T-0129,NTF-admin-M2-0,M2,1,notify,agent,M,,"Notification templates (admin, M2): feedback",US-13-13,T-0010 T-0011,2
T-0130,UI-SHELL-staff,M2,2,ui,agent,M,,Staff PWA shell: bottom nav + auth guard (role ใดก็ได้),US-13-01,T-0015 T-0016 H-07,4
T-0131,UI-C-SIGN,M2,1,ui,agent,M,,Shared component: SignaturePad → PNG → อัปโหลด kind signature,US-13-03,T-0015 T-0071,4
T-0132,SCR-A-01-ext-M2,M2,2,ui,agent,S,,Screen A-01 เข้าสู่ระบบ (ร้าน) (ext-M2),US-01-02,T-0015 T-0104 T-0028,4
T-0133,SCR-A-04-ext-M2,M2,2,ui,agent,S,,Screen A-04 รับคำเชิญเข้าร้าน (ext-M2),US-01-04,T-0015 T-0105 T-0074,4
T-0134,SCR-C-02,M2,4,ui,agent,M,,Screen C-02 ปฏิทินคิว,US-05-03,T-0070 T-0026 T-0072 T-0027 T-0115 T-0116,4
T-0135,SCR-C-02D,M2,4,ui,agent,L,,Screen C-02D รายละเอียดนัดกรูม (drawer),US-04-05 US-05-03 US-05-08 US-05-09 US-07-07,T-0070 T-0026 T-0027 T-0071 T-0120 T-0118 T-0119,3
T-0136,SCR-C-03-grooming,M2,3,ui,agent,M,,Screen C-03 สร้างใบจอง (หน้าร้าน) (grooming),US-05-04 US-06-03 US-06-07 US-06-13,T-0070 T-0026 T-0072 T-0027 T-0050 T-0110 T-0111 T-0112,4
T-0137,SCR-C-05,M2,4,ui,agent,L,,Screen C-05 รายละเอียดใบจอง,US-05-04 US-05-08 US-07-02 US-07-03 US-07-04 US-07-05 US-07-08,T-0070 T-0026 T-0071 T-0113 T-0114 T-0122 T-0123,4
T-0138,SCR-C-06,M2,4,ui,agent,M,,Screen C-06 เช็คอินกรูม,US-05-06,T-0070 T-0131 T-0120 T-0118 T-0117,3
T-0139,SCR-C-36-ext-M2,M2,2,ui,agent,M,,Screen C-36 พนักงานและตารางงาน (ext-M2),US-01-04 US-09-01,T-0070 T-0026 T-0027 T-0071 T-0108 T-0107 T-0084,4
T-0140,SCR-C-37-ext-M2,M2,2,ui,agent,M,,Screen C-37 บริการและราคา (ext-M2),US-04-01 US-04-02 US-04-03 US-04-04 US-04-05 US-06-06,T-0070 T-0026 T-0027 T-0071 T-0109 T-0085,4
T-0141,SCR-C-43,M2,2,ui,agent,S,,Screen C-43 โต๊ะกรูม,US-05-01,T-0070 T-0106,4
T-0142,SCR-C-45-ext-M2,M2,2,ui,agent,M,,Screen C-45 บัญชีของฉัน (ext-M2),US-01-03 US-01-05 US-13-05,T-0070 T-0105 T-0088,4
T-0143,SCR-C-46,M2,2,ui,agent,S,,Screen C-46 แจ้งปัญหา / ขอ feature,US-13-13,T-0070 T-0124,3
T-0144,SCR-S-01,M2,4,ui,agent,S,,Screen S-01 คิวของฉันวันนี้,US-09-03,T-0130 T-0071 T-0121,4
T-0145,SCR-S-02,M2,4,ui,agent,M,,Screen S-02 Job card,US-05-07 US-09-03 US-13-04,T-0130 T-0071 T-0120 T-0119 T-0038 T-0056,4
T-0146,SCR-S-07,M2,3,ui,agent,S,,Screen S-07 ฉัน,US-01-03 US-09-04,T-0130 T-0020 T-0105,4
T-0147,SCR-AD-04,M2,3,ui,agent,S,,Screen AD-04 Feedback,US-13-13,T-0025 T-0026 T-0027 T-0125 T-0126,5
T-0148,E2E-M2,M2,5,e2e,agent,L,,E2E M2: หน้าร้านลงนัด …,,T-0039 T-0136 T-0134 T-0135 T-0138 T-0145 T-0144,2
H-11,H-GATE-M2,M2,6,human,human,-,,Release A: UAT + ตัดสินใจปล่อยร้านนำร่อง (M2),,T-0091 T-0130 T-0131 T-0072 T-0092 T-0093 T-0094 T-0095 T-0096 T-0097 T-0098 T-0099 T-0100 T-0009 T-0101 T-0102 T-0103 T-0104 T-0105 T-0106 T-0107 T-0108 T-0109 T-0110 T-0111 T-0112 T-0113 T-0114 T-0115 T-0116 T-0117 T-0118 T-0119 T-0120 T-0121 T-0122 T-0123 T-0124 T-0125 T-0126 T-0127 T-0128 T-0129 T-0132 T-0133 T-0134 T-0135 T-0136 T-0137 T-0138 T-0139 T-0140 T-0141 T-0142 T-0143 T-0144 T-0145 T-0146 T-0147 T-0148 H-06,0
T-0149,INF-LINE,M3,1,infra,agent,L,yes,"LINE integration: messaging client, ID token verify, webhook signature, secret encryption, fake mode",US-01-01 US-02-06 US-13-06,T-0010 H-03,5
T-0150,DOM-R-05,M3,1,domain,agent,M,,Rule R-05 อ่าน QR บนสลิป + จับสลิปซ้ำ,US-07-02 US-11-07,H-01,4
T-0151,DOM-R-15,M3,1,domain,agent,M,yes,Rule R-15 ยอดบิล ส่วนลด และการรับชำระ,US-08-01 US-08-02 US-08-03 US-08-04,H-01,4
T-0152,DOM-R-21,M3,1,domain,agent,S,,Rule R-21 สิทธิ์ลูกค้าเลื่อน/ยกเลิกเอง,US-11-08,H-01,4
T-0153,DOM-R-30,M3,1,domain,agent,S,,Rule R-30 PromptPay QR (EMVCo payload),US-07-01 US-07-08 US-08-04,H-01,4
T-0154,API-branch-2,M3,2,api,agent,S,,API branch.setPromptpay,US-02-03,T-0007 T-0035 T-0010 T-0153 T-0044,4
T-0155,API-line-0,M3,1,api,agent,M,,"API line.status, line.skipped",US-02-06 US-13-06,T-0007 T-0008,10
T-0156,API-customers-2,M3,1,api,agent,M,yes,"API customers.blacklist, customers.reliabilityOverride, customers.credit",US-03-09 US-07-05,T-0007 T-0035 T-0051 T-0050 T-0097,12
T-0157,API-pets-1,M3,1,api,agent,S,,API pets.setStatus,US-03-11,T-0007 T-0036 T-0053,4
T-0158,API-linkRequests-0,M3,1,api,agent,M,,"API linkRequests.list, linkRequests.reject",US-01-01 US-11-01,T-0007 T-0050 T-0035,9
T-0159,API-linkRequests.approve,M3,2,api,agent,L,,API linkRequests.approve,US-11-01,T-0007 T-0035 T-0010 T-0149 T-0158 T-0050,4
T-0160,API-bookings-0,M3,1,api,agent,M,,"API bookings.list, bookings.approve, bookings.decline",US-05-05 US-07-02,T-0007 T-0112 T-0050 T-0010 T-0035 T-0036 T-0051 T-0095,12
T-0161,API-bookings-2,M3,1,api,agent,M,,"API bookings.cancelPreview, bookings.recordDeposit, bookings.waiveDeposit",US-05-08 US-07-02 US-07-03 US-07-04,T-0007 T-0095 T-0035 T-0038 T-0112 T-0051 T-0050,12
T-0162,API-bookings-3,M3,1,api,agent,S,,API bookings.balanceLink,US-07-08,T-0007 T-0010,4
T-0163,API-groom-2,M3,1,api,agent,S,,API groom.noShow,US-07-07,T-0007 T-0035 T-0010 T-0095 T-0097 T-0112 T-0051,4
T-0164,API-stays-3,M3,1,api,agent,S,,API stays.noShow,US-07-07,T-0007 T-0035 T-0095 T-0097 T-0112 T-0051,4
T-0165,API-daycare-1,M3,1,api,agent,S,,API daycare.no_show,US-07-07,T-0007 T-0035 T-0095 T-0097 T-0112 T-0051,4
T-0166,API-slips-0,M3,1,api,agent,M,yes,"API slips.list, slips.reject",US-07-02,T-0007 T-0112 T-0035 T-0010 T-0096,8
T-0167,API-slips.verify,M3,2,api,agent,L,yes,API slips.verify,US-07-02,T-0007 T-0035 T-0010 T-0150 T-0151 T-0112,4
T-0168,API-refunds-0,M3,1,api,agent,S,yes,API refunds.create,US-07-05,T-0007 T-0035 T-0095 T-0038,4
T-0169,API-bills-2,M3,2,api,agent,S,,API bills.promptpayQr,US-07-01 US-08-04,T-0007 T-0153 T-0112,4
T-0170,API-liff.session,M3,2,api,agent,L,yes,API liff.session,US-01-01,T-0007 T-0149,5
T-0171,API-liff.register,M3,3,api,agent,L,yes,API liff.register,US-03-12 US-11-01 US-13-08,T-0007 T-0010 T-0014 T-0149 T-0170,4
T-0172,API-liff-0,M3,2,api,agent,M,,"API liff.me, liff.updateMe, liff.shop",US-03-12 US-11-01 US-11-03,T-0007 T-0149 T-0059,14
T-0173,API-liff-1,M3,2,api,agent,M,,"API liff.pets, liff.createPet, liff.updatePet",US-11-02,T-0007 T-0149 T-0056 T-0053 T-0038,12
T-0174,API-liff-2,M3,2,api,agent,M,,"API liff.addVaccination, liff.bookings, liff.booking",US-06-05 US-11-02 US-11-08,T-0007 T-0010 T-0038 T-0149 T-0053 T-0152 T-0095 T-0112,14
T-0175,API-liff.groomSlots,M3,2,api,agent,L,yes,API liff.groomSlots,US-11-03,T-0007 T-0040 T-0041 T-0092 T-0093 T-0100 T-0149 T-0110,4
T-0176,API-liff.quote-grooming,M3,2,api,agent,L,yes,API liff.quote (grooming),US-11-03 US-11-04 US-11-05,T-0007 T-0092 T-0094 T-0096 T-0099 T-0149 T-0111,4
T-0177,API-liff.createBooking-grooming,M3,3,api,agent,L,yes,API liff.createBooking (grooming),US-05-02 US-11-03 US-11-04 US-11-05 US-11-06,T-0007 T-0010 T-0035 T-0092 T-0093 T-0094 T-0096 T-0097 T-0098 T-0099 T-0100 T-0101 T-0102 T-0103 T-0153 T-0149 T-0174 T-0112,4
T-0178,API-liff-4,M3,3,api,agent,M,,"API liff.uploadSlip, liff.ics, liff.payPage",US-07-02 US-07-08 US-11-07 US-11-10,T-0007 T-0010 T-0035 T-0150 T-0096 T-0038 T-0149 T-0174 T-0112 T-0153,12
T-0179,API-liff.cancel,M3,3,api,agent,L,yes,API liff.cancel,US-11-08,T-0007 T-0010 T-0035 T-0095 T-0097 T-0152 T-0149 T-0174 T-0112,4
T-0180,API-liff.reschedule,M3,3,api,agent,L,yes,API liff.reschedule,US-11-08,T-0007 T-0010 T-0093 T-0152 T-0149 T-0174 T-0112,4
T-0181,API-liff-7,M3,2,api,agent,M,,"API liff.payUploadSlip, liff.dataRequest",US-07-08 US-13-08,T-0007 T-0010 T-0150 T-0038 T-0149 T-0112,8
T-0182,API-public-0,M3,3,api,agent,S,,API public.branch,US-02-07,T-0007 T-0172 T-0059,4
T-0183,API-webhook.line,M3,2,api,agent,L,yes,API webhook.line,US-02-06 US-13-06,T-0007 T-0009 T-0149 T-0036,4
T-0184,API-admin-1,M3,2,api,agent,S,yes,API admin.setLineChannel,US-02-06,T-0007 T-0035 T-0149 T-0155,4
T-0185,API-admin.verifyLine,M3,2,api,agent,L,yes,API admin.verifyLine,US-02-06,T-0007 T-0035 T-0149 T-0155,4
T-0186,JOB-expire_hold,M3,1,job,agent,M,,Job handler expire_hold,US-05-02,T-0036 T-0010,2
T-0187,JOB-reminder_24h,M3,1,job,agent,M,,Job handler reminder_24h,US-07-06,T-0036 T-0010,2
T-0188,JOB-approval_overdue,M3,1,job,agent,M,,Job handler approval_overdue,US-05-05,T-0036 T-0010 T-0095,2
T-0189,JOB-recompute_reliability,M3,1,job,agent,M,,Job handler recompute_reliability,US-03-09,T-0036 T-0010,2
T-0190,NTF-customer-M3-0,M3,2,notify,agent,M,,"Notification templates (customer, M3): booking_received, booking_confirmed, booking_declined, booking_cancelled, booking_rescheduled, deposit_confirmed",US-05-04 US-05-05 US-05-08 US-07-02 US-07-04 US-11-03 US-11-07,T-0010 T-0149,12
T-0191,NTF-customer-M3-1,M3,2,notify,agent,M,,"Notification templates (customer, M3): slip_rejected, hold_expired, reminder_24h, no_show, balance_link, vaccine_rejected",US-03-05 US-05-02 US-07-02 US-07-06 US-07-07 US-07-08,T-0010 T-0149,12
T-0192,NTF-customer-M3-2,M3,2,notify,agent,M,,"Notification templates (customer, M3): link_approved",US-11-01,T-0010 T-0149,2
T-0193,NTF-staff-M3-0,M3,1,notify,agent,M,,"Notification templates (staff, M3): slip_submitted, approval_overdue, booking_cancelled, booking_rescheduled, link_request",US-05-05 US-07-02 US-11-01 US-11-08,T-0010 T-0091,10
T-0194,NTF-owner-M3-0,M3,1,notify,agent,M,,"Notification templates (owner, M3): quota_warning, promptpay_changed",US-02-03 US-13-06,T-0010 T-0091 T-0011,4
T-0195,UI-SHELL-liff,M3,2,ui,agent,M,,LIFF shell: liff.init + session + header ร้าน,US-13-01,T-0015 T-0016 T-0149,8
T-0196,UI-C-PAY,M3,2,ui,agent,M,,Shared component: PromptPayQR (R-30) + Countdown + SlipUploader (jsQR อ่าน QR บนสลิป → qrPayload),US-13-03,T-0015 T-0071 T-0153,4
T-0197,SCR-P-01,M3,4,ui,agent,M,,Screen P-01 หน้าลิงก์จองของร้าน,US-02-07,T-0015 T-0026 T-0196 T-0027 T-0182,4
T-0198,SCR-C-02D-ext-M3,M3,2,ui,agent,L,,Screen C-02D รายละเอียดนัดกรูม (drawer) (ext-M3),US-04-05 US-05-03 US-05-08 US-05-09 US-07-07,T-0070 T-0026 T-0027 T-0071 T-0163 T-0135,3
T-0199,SCR-C-04,M3,2,ui,agent,M,,Screen C-04 ใบจอง,US-05-05 US-07-03,T-0070 T-0026 T-0027 T-0160,4
T-0200,SCR-C-05-ext-M3,M3,2,ui,agent,L,,Screen C-05 รายละเอียดใบจอง (ext-M3),US-05-04 US-05-08 US-07-02 US-07-03 US-07-04 US-07-05 US-07-08,T-0070 T-0026 T-0071 T-0160 T-0161 T-0162 T-0137,4
T-0201,SCR-C-07,M3,3,ui,agent,M,,Screen C-07 สลิปรอตรวจ,US-07-02,T-0070 T-0026 T-0196 T-0071 T-0166 T-0167,4
T-0202,SCR-C-09-ext-M3,M3,2,ui,agent,L,,Screen C-09 ลูกค้า (ext-M3),US-03-01 US-03-08 US-03-09 US-07-05 US-10-05,T-0070 T-0026 T-0027 T-0071 T-0156 T-0168 T-0076,4
T-0203,SCR-C-11-ext-M3,M3,2,ui,agent,L,,Screen C-11 น้อง (ext-M3),US-03-02 US-03-03 US-03-04 US-03-05 US-03-06 US-03-07 US-03-11,T-0070 T-0073 T-0026 T-0027 T-0071 T-0157 T-0078,4
T-0204,SCR-C-12,M3,3,ui,agent,S,,Screen C-12 คำขอจับคู่บัญชี LINE,US-11-01,T-0070 T-0026 T-0071 T-0158 T-0159,4
T-0205,SCR-C-22,M3,2,ui,agent,S,,Screen C-22 ข้อความที่ไม่ได้ส่ง,US-13-06,T-0070 T-0155,4
T-0206,SCR-C-34,M3,3,ui,agent,S,,Screen C-34 บัญชีรับเงิน PromptPay,US-02-03 US-07-01,T-0070 T-0196 T-0044 T-0154,4
T-0207,SCR-C-35,M3,3,ui,agent,S,,Screen C-35 LINE OA และลิงก์จอง,US-02-06 US-02-07 US-13-06,T-0070 T-0196 T-0155,4
T-0208,SCR-L-01,M3,4,ui,agent,S,,Screen L-01 ลงทะเบียน,US-01-01 US-03-12 US-11-01 US-13-08,T-0195 T-0026 T-0071 T-0170 T-0172 T-0171,4
T-0209,SCR-L-02,M3,3,ui,agent,S,,Screen L-02 หน้าแรก,US-11-03 US-11-08,T-0195 T-0026 T-0172 T-0174,4
T-0210,SCR-L-03,M3,3,ui,agent,M,,Screen L-03 น้องของฉัน,US-06-05 US-11-02,T-0195 T-0026 T-0071 T-0173 T-0038 T-0174,6
T-0211,SCR-L-04,M3,4,ui,agent,M,,Screen L-04 จองกรูม,US-11-03,T-0195 T-0026 T-0072 T-0071 T-0172 T-0173 T-0175 T-0176 T-0177,4
T-0212,SCR-L-07,M3,4,ui,agent,S,,Screen L-07 จ่ายมัดจำ,US-05-02 US-07-01 US-11-07,T-0195 T-0026 T-0196 T-0071 T-0174 T-0038 T-0178,4
T-0213,SCR-L-08,M3,3,ui,agent,S,,Screen L-08 นัดของฉัน,US-11-08,T-0195 T-0026 T-0174,4
T-0214,SCR-L-09,M3,4,ui,agent,M,,Screen L-09 รายละเอียดนัด,US-11-08 US-11-10,T-0195 T-0026 T-0174 T-0178 T-0175 T-0180 T-0179,4
T-0215,SCR-L-14,M3,4,ui,agent,S,,Screen L-14 จ่ายยอดคงเหลือ,US-07-08,T-0195 T-0026 T-0196 T-0071 T-0178 T-0181,4
T-0216,SCR-L-15,M3,3,ui,agent,S,,Screen L-15 โปรไฟล์ของฉัน,US-03-12 US-11-01 US-13-08,T-0195 T-0026 T-0071 T-0172 T-0181,4
T-0217,SCR-AD-03,M3,3,ui,agent,M,,Screen AD-03 ร้าน (admin),US-02-06 US-13-10 US-13-11,T-0025 T-0026 T-0319 T-0184 T-0185 T-0125,5
T-0218,E2E-M3,M3,5,e2e,agent,L,,E2E M3: ลูกค้าเปิด LIFF (fake LINE) …,,T-0039 T-0208 T-0211 T-0212 T-0214 T-0201 T-0187 T-0186,2
H-12,H-GATE-M3,M3,6,human,human,-,,Milestone review M3: demo + ตรวจคุณภาพ,,T-0149 T-0195 T-0196 T-0150 T-0151 T-0008 T-0152 T-0153 T-0154 T-0155 T-0156 T-0157 T-0158 T-0159 T-0160 T-0161 T-0162 T-0163 T-0164 T-0165 T-0166 T-0167 T-0168 T-0169 T-0170 T-0171 T-0172 T-0173 T-0174 T-0175 T-0176 T-0177 T-0178 T-0179 T-0180 T-0181 T-0182 T-0183 T-0184 T-0185 T-0186 T-0187 T-0188 T-0189 T-0190 T-0191 T-0192 T-0193 T-0194 T-0197 T-0198 T-0199 T-0200 T-0201 T-0202 T-0203 T-0204 T-0205 T-0206 T-0207 T-0208 T-0209 T-0210 T-0211 T-0212 T-0213 T-0214 T-0215 T-0216 T-0217 T-0218 H-11,0
H-13,H-SP05,M4,1,human,human,-,,SP-05 ทดสอบพิมพ์ใบเสร็จ 58/80 มม. จาก browser,US-08-05,,0
T-0219,DOM-R-13,M4,1,domain,agent,L,yes,Rule R-13 ค่ามือ (commission),US-09-02 US-09-05 US-12-03,H-01,4
T-0220,DOM-R-14,M4,1,domain,agent,M,,Rule R-14 แพ็กเกจ: มูลค่าต่อครั้ง วันหมดอายุ และสิทธิ์ใช้,US-08-03 US-10-05 US-10-06,H-01 T-0012,4
T-0221,DOM-R-16,M4,1,domain,agent,S,yes,Rule R-16 เลขที่ใบเสร็จ,US-08-05,H-01 T-0012,4
T-0222,DOM-R-17,M4,1,domain,agent,S,,Rule R-17 วันครบรอบกรูมถัดไป,US-10-04,H-01,4
T-0223,API-staffMe-2,M4,2,api,agent,S,,API staffMe.commissions,US-09-05,T-0007 T-0219,5
T-0224,API-customers.timeline,M4,1,api,agent,L,yes,API customers.timeline,US-03-08,T-0007,4
T-0225,API-customers-3,M4,1,api,agent,S,,API customers.packages,US-10-05,T-0007 T-0051,4
T-0226,API-packageTemplates-0,M4,2,api,agent,M,,"API packageTemplates.list, packageTemplates.upsert",US-10-05,T-0007 T-0220,8
T-0227,API-commissionRules-0,M4,2,api,agent,M,,"API commissionRules.list, commissionRules.set",US-09-02,T-0007 T-0035 T-0219,8
T-0228,API-groom-1,M4,2,api,agent,M,,"API groom.notifyPickup, groom.pickUp",US-05-09 US-08-01,T-0007 T-0010 T-0008 T-0112 T-0051 T-0035 T-0222 T-0036,8
T-0229,API-bills.open-grooming,M4,1,api,agent,L,yes,API bills.open (grooming),US-08-01,T-0007 T-0151 T-0051 T-0050,5
T-0230,API-bills-0,M4,2,api,agent,M,yes,"API bills.list, bills.get, bills.updateLine",US-08-01 US-08-02,T-0007 T-0229 T-0051 T-0050 T-0035 T-0151,13
T-0231,API-bills.addLine,M4,2,api,agent,L,yes,API bills.addLine,US-08-01 US-08-03 US-10-05,T-0007 T-0220 T-0151 T-0229 T-0051 T-0050,4
T-0232,API-bills-1,M4,3,api,agent,M,yes,"API bills.removeLine, bills.setDiscount, bills.voidPayment",US-08-01 US-08-02 US-08-04,T-0007 T-0230 T-0229 T-0051 T-0050 T-0035 T-0151,12
T-0233,API-bills.addPayment,M4,2,api,agent,L,yes,API bills.addPayment,US-08-03 US-08-04,T-0007 T-0035 T-0151 T-0153 T-0038 T-0229 T-0051 T-0050,4
T-0234,API-bills.close,M4,2,api,agent,L,yes,API bills.close,US-08-04 US-08-05 US-09-02,T-0007 T-0035 T-0010 T-0097 T-0219 T-0220 T-0151 T-0221 T-0229 T-0051 T-0050,4
T-0235,API-bills.void,M4,2,api,agent,L,yes,API bills.void,US-08-06,T-0007 T-0035 T-0219 T-0220 T-0229 T-0051 T-0050,4
T-0236,API-bills-3,M4,1,api,agent,M,,"API bills.receipt, bills.sendReceipt",US-08-05,T-0007 T-0013 T-0051 T-0010 T-0008 T-0009,9
T-0237,API-reportCards-0,M4,1,api,agent,M,,"API reportCards.list, reportCards.get, reportCards.update",US-10-01 US-10-02,T-0007 T-0056 T-0051,12
T-0238,API-reportCards.submit,M4,2,api,agent,L,,API reportCards.submit,US-10-01,T-0007 T-0010 T-0035 T-0008 T-0009 T-0237 T-0056 T-0051,4
T-0239,API-reportCards-1,M4,2,api,agent,S,,API reportCards.approve,US-10-01,T-0007 T-0010 T-0035 T-0237 T-0056 T-0051,4
T-0240,API-reports-0,M4,3,api,agent,S,,API reports.commissions,US-12-03,T-0007 T-0219 T-0223,4
T-0241,API-liff-5,M4,2,api,agent,M,,"API liff.reportCard, liff.rate, liff.reviewClick",US-10-01 US-10-02 US-10-03,T-0007 T-0149 T-0237 T-0056 T-0051 T-0010,12
T-0242,API-liff-6,M4,2,api,agent,M,,"API liff.packages, liff.receipt",US-08-05 US-10-06,T-0007 T-0149 T-0051 T-0236,8
T-0243,JOB-next_groom_reminder,M4,2,job,agent,M,,Job handler next_groom_reminder,US-10-04,T-0036 T-0010 T-0222 T-0222,2
T-0244,JOB-package_expiry,M4,1,job,agent,M,,Job handler package_expiry,US-10-05,T-0036 T-0010,2
T-0245,NTF-customer-M4-0,M4,1,notify,agent,M,,"Notification templates (customer, M4): ready_for_pickup, report_card, receipt, next_groom_reminder",US-05-09 US-08-05 US-10-01 US-10-02 US-10-04,T-0010 T-0149,8
T-0246,NTF-staff-M4-0,M4,1,notify,agent,M,,"Notification templates (staff, M4): report_card_review, low_rating",US-10-01 US-10-03,T-0010 T-0091,4
T-0247,SCR-C-02D-ext-M4,M4,3,ui,agent,L,,Screen C-02D รายละเอียดนัดกรูม (drawer) (ext-M4),US-04-05 US-05-03 US-05-08 US-05-09 US-07-07,T-0070 T-0026 T-0027 T-0071 T-0228 T-0198,3
T-0248,SCR-C-05-ext-M4,M4,2,ui,agent,L,,Screen C-05 รายละเอียดใบจอง (ext-M4),US-05-04 US-05-08 US-07-02 US-07-03 US-07-04 US-07-05 US-07-08,T-0070 T-0026 T-0071 T-0229 T-0200,4
T-0249,SCR-C-09-ext-M4,M4,2,ui,agent,L,,Screen C-09 ลูกค้า (ext-M4),US-03-01 US-03-08 US-03-09 US-07-05 US-10-05,T-0070 T-0026 T-0027 T-0071 T-0224 T-0225 T-0202,4
T-0250,SCR-C-18,M4,4,ui,agent,L,,Screen C-18 บิล (คิดเงิน),US-07-01 US-08-01 US-08-02 US-08-03 US-08-04 US-10-05,T-0070 T-0026 T-0196 T-0230 T-0231 T-0232 T-0169 T-0233 T-0234 T-0235,4
T-0251,SCR-C-19,M4,3,ui,agent,S,,Screen C-19 รายการบิล,US-08-01 US-08-06,T-0070 T-0026 T-0027 T-0230 T-0229,4
T-0252,SCR-C-20,M4,2,ui,agent,M,,Screen C-20 ใบเสร็จ (พิมพ์),US-08-05,T-0070 T-0026 T-0236,4
T-0253,SCR-C-21,M4,3,ui,agent,S,,Screen C-21 Report card รอตรวจ,US-10-01,T-0070 T-0026 T-0071 T-0237 T-0239,4
T-0254,SCR-C-24,M4,4,ui,agent,S,,Screen C-24 รายงานค่ามือ,US-12-03,T-0070 T-0026 T-0027 T-0240,4
T-0255,SCR-C-41,M4,3,ui,agent,S,,Screen C-41 แพ็กเกจ,US-10-05,T-0070 T-0026 T-0226 T-0059,4
T-0256,SCR-C-42,M4,3,ui,agent,S,,Screen C-42 ค่ามือ,US-09-02,T-0070 T-0026 T-0027 T-0227 T-0059 T-0048,4
T-0257,SCR-S-02-ext-M4,M4,3,ui,agent,M,,Screen S-02 Job card (ext-M4),US-05-07 US-09-03 US-13-04,T-0130 T-0071 T-0228 T-0145,4
T-0258,SCR-S-03,M4,3,ui,agent,M,,Screen S-03 Report card,US-10-01 US-10-02,T-0130 T-0026 T-0071 T-0237 T-0238,4
T-0259,SCR-S-06,M4,3,ui,agent,S,,Screen S-06 ค่ามือของฉัน,US-09-05,T-0130 T-0026 T-0223,4
T-0260,SCR-L-11,M4,3,ui,agent,M,,Screen L-11 Report card,US-10-01 US-10-02 US-10-03,T-0195 T-0026 T-0071 T-0241,4
T-0261,SCR-L-12,M4,3,ui,agent,S,,Screen L-12 แพ็กเกจของฉัน,US-10-06,T-0195 T-0026 T-0242,4
T-0262,SCR-L-13,M4,3,ui,agent,S,,Screen L-13 ใบเสร็จ,US-08-05,T-0195 T-0026 T-0071 T-0242,4
T-0263,E2E-M4,M4,5,e2e,agent,L,,E2E M4: เปิดบิลจากนัด …,,T-0039 T-0250 T-0252 T-0258 T-0260,2
H-14,H-GATE-M4,M4,6,human,human,-,,Release B: UAT + ตัดสินใจปล่อยร้านนำร่อง (M4),,T-0219 T-0220 T-0221 T-0222 T-0223 T-0224 T-0225 T-0226 T-0227 T-0228 T-0229 T-0230 T-0231 T-0232 T-0233 T-0234 T-0235 T-0236 T-0237 T-0238 T-0239 T-0240 T-0241 T-0242 T-0243 T-0244 T-0245 T-0246 T-0247 T-0248 T-0249 T-0250 T-0251 T-0252 T-0253 T-0254 T-0255 T-0256 T-0257 T-0258 T-0259 T-0260 T-0261 T-0262 T-0263 H-12,0
T-0264,DOM-R-26,M5,1,domain,agent,L,,Rule R-26 สร้างงานดูแลรายวัน (care tasks),US-06-08 US-06-09,H-01 T-0012,4
T-0265,API-roomTypes-0,M5,1,api,agent,M,,"API roomTypes.list, roomTypes.create, roomTypes.update",US-06-01,T-0007 T-0172 T-0038,11
T-0266,API-roomTypes-1,M5,1,api,agent,S,,API roomTypes.setRates,US-06-02,T-0007 T-0172,4
T-0267,API-roomUnits-0,M5,1,api,agent,M,,"API roomUnits.list, roomUnits.upsert, roomUnits.housekeeping",US-06-01 US-06-04,T-0007,12
T-0268,API-daycareTypes-0,M5,1,api,agent,M,,"API daycareTypes.list, daycareTypes.upsert",US-06-13,T-0007,8
T-0269,API-availability-0,M5,1,api,agent,M,,"API availability.hotel, availability.daycare",US-06-03 US-06-04 US-06-13,T-0007 T-0040 T-0100 T-0102 T-0103,10
T-0270,API-quotes.create-hotel+daycare,M5,1,api,agent,L,,API quotes.create (hotel+daycare),US-05-04,T-0007 T-0092 T-0094 T-0096 T-0097 T-0111,4
T-0271,API-bookings.create-hotel+daycare,M5,1,api,agent,L,yes,API bookings.create (hotel+daycare),US-05-04 US-06-03 US-06-07 US-06-13,T-0007 T-0035 T-0010 T-0040 T-0041 T-0092 T-0093 T-0094 T-0098 T-0099 T-0100 T-0101 T-0102 T-0103 T-0036 T-0112 T-0051 T-0050,4
T-0272,API-calendar.day-hotel+daycare,M5,1,api,agent,L,,API calendar.day (hotel+daycare),US-05-03,T-0007 T-0115 T-0112 T-0051 T-0048,4
T-0273,API-stays-0,M5,1,api,agent,M,,"API stays.today, stays.get, stays.signAgreement",US-06-08 US-06-12,T-0007 T-0112 T-0051 T-0056 T-0038,14
T-0274,API-stays.saveIntake,M5,2,api,agent,L,,API stays.saveIntake,US-06-08,T-0007 T-0014 T-0264 T-0038 T-0273 T-0056 T-0112 T-0051,4
T-0275,API-stays.checkIn,M5,2,api,agent,L,,API stays.checkIn,US-06-05 US-06-08 US-06-09,T-0007 T-0035 T-0010 T-0099 T-0264 T-0273 T-0056 T-0112 T-0051,4
T-0276,API-stays-1,M5,2,api,agent,M,,"API stays.changeRoom, stays.addAddon, stays.removeAddon",US-06-04 US-06-06,T-0007 T-0112 T-0051 T-0273 T-0056,12
T-0277,API-stays.changeDates,M5,1,api,agent,L,,API stays.changeDates,US-06-03,T-0007 T-0092 T-0102 T-0112 T-0051,4
T-0278,API-stays-2,M5,2,api,agent,S,,API stays.postUpdate,US-06-10,T-0007 T-0010 T-0008 T-0038 T-0273 T-0056 T-0112 T-0051,4
T-0279,API-stays.checkOut,M5,2,api,agent,L,,API stays.checkOut,US-06-11,T-0007 T-0035 T-0273 T-0056 T-0112 T-0051,4
T-0280,API-roomMap-0,M5,1,api,agent,S,,API roomMap.get,US-06-04,T-0007 T-0102 T-0112 T-0051,5
T-0281,API-careTasks-0,M5,2,api,agent,M,,"API careTasks.list, careTasks.done, careTasks.skip",US-06-09,T-0007 T-0273 T-0035 T-0038,12
T-0282,API-daycare-0,M5,1,api,agent,M,,"API daycare.list, daycare.check_in, daycare.check_out",US-06-13,T-0007 T-0112 T-0051 T-0035 T-0099,12
T-0283,API-bills.open-hotel+daycare,M5,1,api,agent,L,yes,API bills.open (hotel+daycare),US-08-01,T-0007 T-0151 T-0229 T-0051 T-0050,4
T-0284,API-liff-3,M5,2,api,agent,M,,"API liff.hotelAvailability, liff.daycareAvailability, liff.stayUpdates",US-06-10 US-11-04 US-11-05,T-0007 T-0100 T-0102 T-0149 T-0269 T-0103 T-0056,13
T-0285,API-liff.quote-hotel+daycare,M5,1,api,agent,L,yes,API liff.quote (hotel+daycare),US-11-03 US-11-04 US-11-05,T-0007 T-0092 T-0094 T-0096 T-0099 T-0149 T-0176 T-0111,4
T-0286,API-liff.createBooking-hotel+daycare,M5,1,api,agent,L,yes,API liff.createBooking (hotel+daycare),US-05-02 US-11-03 US-11-04 US-11-05 US-11-06,T-0007 T-0010 T-0035 T-0092 T-0093 T-0094 T-0096 T-0097 T-0098 T-0099 T-0100 T-0101 T-0102 T-0103 T-0153 T-0149 T-0112 T-0177,4
T-0287,JOB-care_task_overdue_scan,M5,1,job,agent,M,,Job handler care_task_overdue_scan,US-06-09,T-0036 T-0010,2
T-0288,NTF-customer-M5-0,M5,1,notify,agent,M,,"Notification templates (customer, M5): stay_checked_in, stay_update",US-06-10,T-0010 T-0149,4
T-0289,NTF-staff-M5-0,M5,1,notify,agent,M,,"Notification templates (staff, M5): vaccine_review",US-06-05,T-0010 T-0091,2
T-0290,SCR-C-03-hotel+daycare,M5,2,ui,agent,M,,Screen C-03 สร้างใบจอง (หน้าร้าน) (hotel+daycare),US-05-04 US-06-03 US-06-07 US-06-13,T-0070 T-0026 T-0072 T-0027 T-0050 T-0110 T-0269 T-0270 T-0271 T-0136,4
T-0291,SCR-C-13,M5,3,ui,agent,M,,Screen C-13 Room map,US-06-04,T-0070 T-0026 T-0071 T-0280 T-0276 T-0267,4
T-0292,SCR-C-14,M5,2,ui,agent,S,,Screen C-14 เข้า-ออกวันนี้,US-06-12,T-0070 T-0026 T-0273,4
T-0293,SCR-C-15,M5,3,ui,agent,L,,Screen C-15 การพัก,US-06-05 US-06-06 US-06-08 US-06-09 US-06-11,T-0070 T-0026 T-0131 T-0071 T-0273 T-0274 T-0275 T-0276 T-0277 T-0278 T-0279 T-0164 T-0122,4
T-0294,SCR-C-16,M5,3,ui,agent,S,,Screen C-16 งานดูแลรายวัน (มุมมองร้าน),US-06-09,T-0070 T-0026 T-0027 T-0281,4
T-0295,SCR-C-17,M5,2,ui,agent,M,,Screen C-17 Daycare วันนี้,US-06-13,T-0070 T-0026 T-0071 T-0282 T-0165 T-0123,4
T-0296,SCR-C-39,M5,2,ui,agent,M,,Screen C-39 ห้องพัก,US-06-01 US-06-02,T-0070 T-0026 T-0071 T-0265 T-0267 T-0057 T-0266,4
T-0297,SCR-C-40,M5,2,ui,agent,S,,Screen C-40 Daycare,US-06-13,T-0070 T-0026 T-0268 T-0057,4
T-0298,SCR-S-04,M5,3,ui,agent,S,,Screen S-04 งานดูแลวันนี้,US-06-09,T-0130 T-0071 T-0281,4
T-0299,SCR-S-05,M5,3,ui,agent,S,,Screen S-05 ส่งอัปเดตน้อง,US-06-10,T-0130 T-0026 T-0071 T-0273 T-0278,4
T-0300,SCR-L-05,M5,3,ui,agent,M,,Screen L-05 จองโรงแรม,US-11-04 US-11-06,T-0195 T-0026 T-0071 T-0173 T-0284 T-0285 T-0286,4
T-0301,SCR-L-06,M5,3,ui,agent,S,,Screen L-06 จอง Daycare,US-11-05,T-0195 T-0026 T-0173 T-0284 T-0285 T-0286,4
T-0302,SCR-L-10,M5,3,ui,agent,S,,Screen L-10 อัปเดตน้องระหว่างพัก,US-06-10,T-0195 T-0026 T-0071 T-0284,4
T-0303,E2E-M5,M5,4,e2e,agent,L,,E2E M5: จอง Hotel ใน LIFF …,,T-0039 T-0300 T-0293 T-0298 T-0299 T-0302 T-0291,2
H-15,H-GATE-M5,M5,5,human,human,-,,Milestone review M5: demo + ตรวจคุณภาพ,,T-0264 T-0265 T-0266 T-0267 T-0268 T-0269 T-0270 T-0271 T-0272 T-0273 T-0274 T-0275 T-0276 T-0277 T-0278 T-0279 T-0280 T-0281 T-0282 T-0283 T-0284 T-0285 T-0286 T-0287 T-0288 T-0289 T-0290 T-0291 T-0292 T-0293 T-0294 T-0295 T-0296 T-0297 T-0298 T-0299 T-0300 T-0301 T-0302 T-0303 H-14,0
T-0304,API-dashboard.today,M6,1,api,agent,L,,API dashboard.today,US-12-01,T-0007 T-0012,5
T-0305,API-reports.sales,M6,1,api,agent,L,,API reports.sales,US-12-02,T-0007 T-0012,5
T-0306,API-reports-1,M6,1,api,agent,S,,API reports.occupancy,US-12-04,T-0007,5
T-0307,API-exports-0,M6,1,api,agent,S,,API exports.csv,US-12-06,T-0007 T-0035,4
T-0308,API-admin-5,M6,1,api,agent,S,,API admin.analytics,US-13-12,T-0007,5
T-0309,JOB-owner_daily_summary,M6,1,job,agent,M,,Job handler owner_daily_summary,US-12-05,T-0036 T-0010,2
T-0310,NTF-owner-M6-0,M6,1,notify,agent,M,,"Notification templates (owner, M6): daily_summary",US-12-05,T-0010 T-0091 T-0011,2
T-0311,SCR-C-01,M6,2,ui,agent,M,,Screen C-01 วันนี้ (Dashboard),US-12-01,T-0070 T-0026 T-0304,4
T-0312,SCR-C-23,M6,2,ui,agent,S,,Screen C-23 รายงานยอดขาย,US-12-02 US-12-06,T-0070 T-0073 T-0026 T-0027 T-0305 T-0307,4
T-0313,SCR-C-24-ext-M6,M6,2,ui,agent,S,,Screen C-24 รายงานค่ามือ (ext-M6),US-12-03,T-0070 T-0026 T-0027 T-0307 T-0254,4
T-0314,SCR-C-25,M6,2,ui,agent,S,,Screen C-25 Occupancy,US-12-04,T-0070 T-0073 T-0026 T-0027 T-0306,4
T-0315,SCR-AD-06,M6,2,ui,agent,S,,Screen AD-06 Analytics นำร่อง,US-13-12,T-0025 T-0027 T-0308,5
T-0316,E2E-M6,M6,3,e2e,agent,L,,E2E M6: Dashboard + รายงานยอดขาย/ค่ามือ/occupancy ตรงกับข้อมูล seed + export CSV …,,T-0039 T-0311 T-0312 T-0254 T-0314,2
H-16,H-GATE-M6,M6,4,human,human,-,,Release C: UAT + ตัดสินใจปล่อยร้านนำร่อง (M6),,T-0073 T-0304 T-0305 T-0306 T-0307 T-0308 T-0309 T-0310 T-0311 T-0312 T-0313 T-0314 T-0315 T-0316 H-15,0
